,birth_rate,death_rate,net_rate,gva_per_capita,gva_per_business
count,1739.0,1727.0,1727.0,1780.0,1739.0
mean,11.203037450361036,10.540033423911257,0.6475421351326972,56564.059983997984,701132.6804034824
std,2.4281211708258534,2.0974826554721635,2.240901512021123,514502.0789984942,303005.6243024227
min,3.0303030303030303,3.0303030303030303,-10.33464566929134,11371.967557509148,246958.30485304169
25%,9.434757037719955,9.15067053618342,-0.4884012165305027,20164.62107514365,522529.5420388217
50%,10.86448598130841,10.274963820549928,0.529500756429652,24919.032350281497,633976.4705882353
75%,12.504256526674235,11.70422457016286,1.719678831466405,32913.91630660351,813226.2815335646
max,32.01376936316696,22.14566929133858,12.955465587044534,11143169.524686383,4434107.498341075
