,birth_rate,death_rate,net_rate,gva_per_capita,gva_per_business
birth_rate,1.0,0.4986758985392557,0.5923046922134588,0.0019232936646623431,0.09040942839351311
death_rate,0.4986758985392557,1.0,-0.40301563031589815,0.03144090737962404,0.09581671019822056
net_rate,0.5923046922134588,-0.40301563031589815,1.0,-0.02554641055297185,0.01765078102807704
gva_per_capita,0.0019232936646623431,0.03144090737962404,-0.02554641055297185,1.0,0.7052091804534544
gva_per_business,0.09040942839351311,0.09581671019822056,0.01765078102807704,0.7052091804534544,1.0
