,birth_rate,death_rate,net_rate,gva_per_capita,gva_per_business
birth_rate,1.0,0.5046930711180908,0.589117644318978,-0.051702964210182924,0.053837250489079974
death_rate,0.5046930711180908,1.0,-0.4002626912278593,-0.053229461539893885,0.04440359900261488
net_rate,0.589117644318978,-0.4002626912278593,1.0,-0.006382964173687319,0.02325716683426098
gva_per_capita,-0.051702964210182924,-0.053229461539893885,-0.006382964173687319,1.0,0.5625445992952791
gva_per_business,0.053837250489079974,0.04440359900261488,0.02325716683426098,0.5625445992952791,1.0
