,birth_rate,death_rate,net_rate,gva_per_capita,gva_per_business
birth_rate,1.0,0.5041649234756277,0.589558831970874,0.004729062517850806,0.08937683164464723
death_rate,0.5041649234756277,1.0,-0.4003227769319474,0.033866260165999466,0.09406807777940321
net_rate,0.589558831970874,-0.4003227769319474,1.0,-0.024947287573517423,0.01804245909382847
gva_per_capita,0.004729062517850806,0.033866260165999466,-0.024947287573517423,1.0,0.7050891860334725
gva_per_business,0.08937683164464723,0.09406807777940321,0.01804245909382847,0.7050891860334725,1.0
