,birth_rate,death_rate,net_rate,gva_per_capita,gva_per_business
count,1725.0,1716.0,1716.0,1762.0,1725.0
mean,11.198427458629304,10.544157869842238,0.6396325940474114,28005.43256775998,688386.4681608416
std,2.4280774532671705,2.0946738572824883,2.2395924953957858,11997.91306381655,242885.69100246028
min,3.0303030303030303,3.0303030303030303,-10.33464566929134,11371.967557509148,246958.30485304169
25%,9.435551811288963,9.15235266102972,-0.49034977178310646,20122.889600616756,521475.77092511015
50%,10.854893138357705,10.27362052413635,0.5189995189995189,24847.51891769266,631466.030989273
75%,12.492869366799772,11.699531514086242,1.7081271344132332,32610.897008425836,809668.3530073075
max,32.01376936316696,22.14566929133858,12.955465587044534,121823.4142545715,2086908.2253372124
